"ID","Description","GeneRatio","BgRatio","pvalue","p.adjust","qvalue","geneID","Count"
"GO:0030527","structural constituent of chromatin","29/6034","35/12494",2.51565445661002e-05,0.0261628063487442,0.0257920783235596,"440689/8370/8337/723790/554313/8349/3020/92815/256329/3014/55766/440093/3021/1058/9555/3006/8347/8334/3017/8367/8339/3012/8365/8970/8969/85236/8330/8341/3159",29
