"ID","Description","GeneRatio","BgRatio","pvalue","p.adjust","qvalue","geneID","Count","Category"
"GO:0030527","structural constituent of chromatin","34/8655","35/12494",4.26909996201302e-05,0.0443986396049354,0.0443986396049354,"440689/8370/8337/723790/554313/8349/3020/92815/55506/256329/3014/55766/440093/3021/1058/8971/3015/9555/3006/8347/8334/3017/8367/8339/3012/8353/8365/8970/8969/85236/8330/8341/3159/94239",34,"Molecular Function"
