"Set","Chi2","p_value","Significance"
"CX_DOX Shared Late Response",700.52811978919,2.29541437902116e-154,"*"
"DOX-Specific Response",68.9671680282358,1.00116331392976e-16,"*"
"Late High Dose DOX-Specific Response",0.489612955512789,0.484100006927049,""
