"Set","Timepoint","Chi2","p_value","Significance"
"CX_DOX Shared Late Response","24hr",187.053186472332,1.39824290620874e-42,"*"
"DOX-Specific Response","24hr",45.2075172834507,1.77223513262597e-11,"*"
"Late High Dose DOX-Specific Response","24hr",2.05740415017334,0.151468011120173,""
"CX_DOX Shared Late Response","72hr",700.52811978919,2.29541437902116e-154,"*"
"DOX-Specific Response","72hr",68.9671680282358,1.00116331392976e-16,"*"
"Late High Dose DOX-Specific Response","72hr",0.489612955512789,0.484100006927049,""
