"ID","Description","GeneRatio","BgRatio","pvalue","p.adjust","qvalue","geneID","Count","Category"
"GO:0140297","DNA-binding transcription factor binding","16/159","409/12494",6.54930821992217e-05,0.0188571857930128,0.0177323712018506,"2959/27063/2957/64784/92595/8648/1385/55502/9730/3280/9464/2626/862/23414/10221/6256",16,"MF"
"GO:0061629","RNA polymerase II-specific DNA-binding transcription factor binding","13/159","295/12494",0.000100571657562735,0.0188571857930128,0.0177323712018506,"2959/27063/2957/8648/1385/55502/9730/3280/9464/2626/23414/10221/6256",13,"MF"
"GO:0090575","RNA polymerase II transcription regulator complex","14/154","215/12707",3.37210457708338e-07,4.23615252453139e-05,4.09704360222334e-05,"2959/5994/2957/5914/4092/8648/1385/9935/23394/2966/129685/2626/1875/6256",14,"CC"
"GO:0005667","transcription regulator complex","19/154","400/12707",3.62064318336016e-07,4.23615252453139e-05,4.09704360222334e-05,"5453/2959/27063/5994/2957/5914/4092/8648/4084/1385/55502/9935/23394/9464/2966/129685/2626/1875/6256",19,"CC"
"GO:0097550","transcription preinitiation complex","3/154","13/12707",0.000456668855439829,0.0356201707243067,0.0344504575156363,"2959/23248/2957",3,"CC"
"GO:0005669","transcription factor TFIID complex","4/154","33/12707",0.000645702897538976,0.0377736195060301,0.0365331902554947,"2959/2957/2966/129685",4,"CC"
